epoch,time,train/box_loss,train/cls_loss,train/dfl_loss,metrics/precision(B),metrics/recall(B),metrics/mAP50(B),metrics/mAP50-95(B),val/box_loss,val/cls_loss,val/dfl_loss,lr/pg0,lr/pg1,lr/pg2
1,8.04225,0.87284,8.40464,0.00386,0,0,0,0,0.48735,7.2034,0.00219,0.000175,0.000175,0.000175
2,13.2328,0.58937,6.94771,0.00261,0.00407,0.55556,0.05397,0.03767,0.52685,6.82663,0.00251,0.000358911,0.000358911,0.000358911
3,18.523,0.70072,5.95569,0.00324,0.00296,0.61111,0.27802,0.19877,0.54563,6.73259,0.00267,0.00053911,0.00053911,0.00053911
4,23.6444,0.69319,5.41685,0.00304,0.00346,0.77778,0.34219,0.26817,0.43657,6.59217,0.00217,0.000715596,0.000715596,0.000715596
5,28.7614,0.62438,5.21052,0.00288,0.00477,1,0.82824,0.69442,0.57171,6.19855,0.00254,0.00088837,0.00088837,0.00088837
6,33.9687,0.65398,4.48401,0.00295,0.00577,1,0.85828,0.75006,0.70698,5.40137,0.00359,0.00105743,0.00105743,0.00105743
7,39.1646,0.68208,4.41265,0.0031,0.64323,0.75301,0.83792,0.74211,0.599,4.94819,0.00293,0.00117575,0.00117575,0.00117575
8,44.3506,0.6668,4.02895,0.00311,0.6718,0.77199,0.882,0.80121,0.59502,3.76122,0.00264,0.00116337,0.00116337,0.00116337
9,49.4685,0.65768,4.01993,0.00291,0.71561,0.61111,0.89978,0.77332,0.55242,3.28102,0.00282,0.001151,0.001151,0.001151
10,54.5593,0.66991,3.40153,0.00313,0.71982,0.66667,0.95988,0.83855,0.5956,2.44742,0.00282,0.00113863,0.00113863,0.00113863
11,59.6903,0.61387,3.30729,0.0032,0.74529,0.88889,0.93214,0.78935,0.65914,1.58813,0.00354,0.00112625,0.00112625,0.00112625
12,64.9651,0.58023,3.08755,0.00314,0.8252,0.80484,0.93529,0.80066,0.58237,1.05669,0.00265,0.00111388,0.00111388,0.00111388
13,70.0457,0.6223,3.00699,0.00333,0.75687,0.84676,0.88762,0.80859,0.45175,0.94196,0.0022,0.0011015,0.0011015,0.0011015
14,75.1653,0.61591,2.73388,0.00293,0.74363,0.86459,0.88762,0.79628,0.4602,0.94478,0.002,0.00108913,0.00108913,0.00108913
15,80.3483,0.59291,2.44614,0.00277,0.75189,0.99633,0.95179,0.881,0.44658,0.64699,0.00261,0.00107675,0.00107675,0.00107675
16,85.4875,0.58588,2.39696,0.00288,0.89996,0.91648,0.97929,0.84892,0.60573,0.61224,0.00353,0.00106437,0.00106437,0.00106437
17,90.6229,0.61486,2.24909,0.00332,0.91425,0.95401,0.98738,0.85009,0.5852,0.54697,0.00306,0.001052,0.001052,0.001052
18,95.832,0.60005,2.08671,0.00303,0.82865,0.87522,0.95417,0.84222,0.59972,0.50425,0.00264,0.00103962,0.00103962,0.00103962
19,100.955,0.59822,2.03078,0.00336,0.92952,0.97995,0.995,0.90445,0.46178,0.4069,0.00239,0.00102725,0.00102725,0.00102725
20,106.206,0.54338,1.78593,0.00258,0.84812,0.92606,0.9675,0.88579,0.49699,0.45724,0.00298,0.00101488,0.00101488,0.00101488
21,111.47,0.55998,1.70383,0.00293,0.97597,0.83333,0.95833,0.83724,0.58452,0.6154,0.00323,0.0010025,0.0010025,0.0010025
22,116.773,0.51345,1.67036,0.00226,0.97773,0.91251,0.98167,0.81078,0.70648,0.53499,0.00325,0.000990125,0.000990125,0.000990125
23,121.963,0.53872,1.50979,0.00261,0.84809,0.784,0.89833,0.71902,0.70461,0.6179,0.00317,0.00097775,0.00097775,0.00097775
24,127.153,0.5578,1.43922,0.00255,0.76111,0.98684,0.89862,0.80269,0.53259,0.50547,0.00277,0.000965375,0.000965375,0.000965375
25,132.316,0.56066,1.33427,0.00272,0.704,0.90022,0.88319,0.79379,0.5327,0.57821,0.00304,0.000953,0.000953,0.000953
26,137.634,0.5211,1.33166,0.00251,0.87344,0.83333,0.95417,0.90481,0.36761,0.4751,0.00191,0.000940625,0.000940625,0.000940625
27,142.665,0.50979,1.22266,0.00226,0.81616,0.98174,0.9675,0.87786,0.49406,0.4335,0.00272,0.00092825,0.00092825,0.00092825
28,148.148,0.50916,1.15593,0.00236,0.65019,1,0.91722,0.8587,0.38842,0.48359,0.00172,0.000915875,0.000915875,0.000915875
29,153.456,0.48915,1.04527,0.00217,0.62136,0.96003,0.94,0.85617,0.51227,0.48281,0.00258,0.0009035,0.0009035,0.0009035
30,158.86,0.50611,1.01037,0.00222,0.8958,0.97242,0.995,0.93272,0.3891,0.30979,0.00208,0.000891125,0.000891125,0.000891125
31,164.425,0.40981,1.00975,0.00186,0.86949,0.93585,0.92667,0.87426,0.36183,0.38231,0.00173,0.00087875,0.00087875,0.00087875
32,169.755,0.51022,0.9556,0.00212,0.70134,1,0.92667,0.86744,0.47232,0.38392,0.00215,0.000866375,0.000866375,0.000866375
33,175.123,0.49847,0.91829,0.00234,0.8194,0.96597,0.97222,0.9136,0.38068,0.53806,0.00189,0.000854,0.000854,0.000854
34,180.58,0.46261,0.89301,0.00209,0.85026,0.99186,0.9675,0.89977,0.48827,0.3628,0.00216,0.000841625,0.000841625,0.000841625
35,185.986,0.52276,0.83669,0.00241,0.71383,0.99152,0.95179,0.82702,0.47715,0.59995,0.00223,0.00082925,0.00082925,0.00082925
36,191.759,0.4955,0.83616,0.00273,0.93004,0.83719,0.95988,0.84099,0.52115,0.48141,0.00255,0.000816875,0.000816875,0.000816875
37,197.336,0.53948,0.83698,0.00274,0.92251,0.83735,0.98738,0.87837,0.47857,0.44516,0.00221,0.0008045,0.0008045,0.0008045
38,203.142,0.531,0.81469,0.00238,0.86498,0.87652,0.94338,0.86865,0.46834,0.44398,0.00237,0.000792125,0.000792125,0.000792125
39,209.064,0.47297,0.83014,0.00233,0.88159,1,0.98738,0.89552,0.53196,0.36477,0.00281,0.00077975,0.00077975,0.00077975
40,214.72,0.49312,0.75261,0.00245,0.86357,0.86284,0.9675,0.92089,0.43393,0.38721,0.00228,0.000767375,0.000767375,0.000767375
41,220.396,0.4269,0.67107,0.00215,0.75339,0.97253,0.98738,0.92965,0.40193,0.43667,0.00214,0.000755,0.000755,0.000755
42,231.784,0.44593,0.68845,0.00219,0.87254,0.83006,0.92967,0.8487,0.48938,0.51975,0.00243,0.000742625,0.000742625,0.000742625
43,237.15,0.47039,0.68781,0.00229,0.97662,0.8833,0.951,0.88818,0.39068,0.3677,0.00183,0.00073025,0.00073025,0.00073025
44,242.333,0.45823,0.64459,0.00219,0.90321,0.83052,0.95988,0.85437,0.54402,0.44846,0.00222,0.000717875,0.000717875,0.000717875
45,247.38,0.45463,0.62291,0.00214,0.93071,0.83034,0.9675,0.8965,0.38665,0.4281,0.00169,0.0007055,0.0007055,0.0007055
46,252.451,0.46703,0.61822,0.00237,0.93127,0.8474,0.95988,0.84436,0.51165,0.40355,0.00247,0.000693125,0.000693125,0.000693125
47,257.581,0.47141,0.57372,0.00222,0.95345,0.85702,0.9675,0.87348,0.45922,0.38039,0.00203,0.00068075,0.00068075,0.00068075
48,262.678,0.43921,0.64895,0.00213,0.9611,0.88119,0.9675,0.90702,0.38315,0.30757,0.00196,0.000668375,0.000668375,0.000668375
49,267.702,0.39934,0.55069,0.00205,0.93077,0.88027,0.9675,0.91964,0.3427,0.28375,0.00195,0.000656,0.000656,0.000656
50,272.807,0.45594,0.55056,0.00207,0.94638,0.87562,0.951,0.88211,0.48586,0.353,0.00256,0.000643625,0.000643625,0.000643625
51,277.886,0.45618,0.54456,0.00198,0.9054,0.85677,0.9675,0.8823,0.47959,0.34314,0.00238,0.00063125,0.00063125,0.00063125
52,283.006,0.38789,0.46237,0.00193,0.90454,0.82897,0.93529,0.88241,0.34934,0.45512,0.00169,0.000618875,0.000618875,0.000618875
53,288.03,0.41782,0.5067,0.00208,0.84251,1,0.995,0.93592,0.36027,0.28138,0.00184,0.0006065,0.0006065,0.0006065
54,293.087,0.43636,0.52424,0.00219,0.90172,0.86575,0.995,0.94196,0.39349,0.32788,0.0019,0.000594125,0.000594125,0.000594125
55,298.22,0.43054,0.48481,0.00194,0.95228,0.83656,0.9675,0.90584,0.38962,0.37594,0.00198,0.00058175,0.00058175,0.00058175
56,303.312,0.40968,0.49999,0.00204,0.81517,0.96863,0.98738,0.91631,0.40499,0.34465,0.00197,0.000569375,0.000569375,0.000569375
57,308.305,0.39952,0.44963,0.00189,0.96766,0.83708,0.9675,0.90835,0.34497,0.35605,0.00188,0.000557,0.000557,0.000557
58,313.401,0.41847,0.45079,0.00189,0.92566,0.8667,0.9675,0.91622,0.37149,0.41641,0.00177,0.000544625,0.000544625,0.000544625
59,318.529,0.38715,0.4655,0.00182,0.96109,0.83522,0.9675,0.91756,0.34349,0.31212,0.00161,0.00053225,0.00053225,0.00053225
60,323.588,0.40134,0.41945,0.00188,0.92807,0.84798,0.9675,0.94952,0.28775,0.40364,0.00159,0.000519875,0.000519875,0.000519875
61,328.693,0.39955,0.42721,0.00169,0.97616,0.8257,0.9675,0.90978,0.43063,0.46709,0.00224,0.0005075,0.0005075,0.0005075
62,334.195,0.43079,0.42438,0.00205,0.97022,0.86981,0.951,0.90206,0.42154,0.43209,0.00214,0.000495125,0.000495125,0.000495125
63,339.501,0.37427,0.43987,0.00165,0.9429,0.88889,0.95988,0.90033,0.38542,0.41628,0.0019,0.00048275,0.00048275,0.00048275
64,344.957,0.37255,0.40016,0.00171,0.899,0.87723,0.95988,0.84981,0.49378,0.36019,0.00212,0.000470375,0.000470375,0.000470375
65,350.193,0.40777,0.41694,0.00179,0.97431,0.8226,0.9675,0.88015,0.40904,0.34642,0.00185,0.000458,0.000458,0.000458
66,355.505,0.37765,0.39504,0.00176,0.91388,0.88167,0.9675,0.90299,0.38493,0.30113,0.00188,0.000445625,0.000445625,0.000445625
67,360.821,0.37405,0.39367,0.0018,0.96218,0.83809,0.9675,0.90268,0.33659,0.39993,0.00168,0.00043325,0.00043325,0.00043325
68,366.206,0.36522,0.38581,0.00166,0.9514,0.87249,0.9675,0.93031,0.30835,0.33792,0.00169,0.000420875,0.000420875,0.000420875
69,371.416,0.37537,0.42395,0.00176,0.95209,0.87553,0.9675,0.92776,0.3456,0.28741,0.00177,0.0004085,0.0004085,0.0004085
70,376.579,0.35924,0.38471,0.00168,0.9515,0.96451,0.995,0.96107,0.28591,0.25894,0.00158,0.000396125,0.000396125,0.000396125
71,382.195,0.35498,0.34934,0.00167,0.9228,1,0.995,0.95004,0.34128,0.23927,0.00169,0.00038375,0.00038375,0.00038375
72,387.576,0.38048,0.41075,0.0017,0.94665,0.87521,0.9675,0.92976,0.35401,0.26728,0.00171,0.000371375,0.000371375,0.000371375
73,392.904,0.37621,0.37958,0.0017,0.95691,0.87616,0.9675,0.92131,0.36301,0.27747,0.00176,0.000359,0.000359,0.000359
74,398.446,0.36804,0.37028,0.00157,0.95402,0.88077,0.9675,0.88195,0.40927,0.26693,0.00194,0.000346625,0.000346625,0.000346625
75,404.143,0.37098,0.37803,0.00155,0.95272,0.87874,0.9675,0.90026,0.35448,0.26992,0.00172,0.00033425,0.00033425,0.00033425
76,409.942,0.35493,0.34633,0.00146,0.96204,0.86523,0.9675,0.94015,0.31263,0.27381,0.00143,0.000321875,0.000321875,0.000321875
77,415.28,0.36202,0.34462,0.00139,0.95748,0.85243,0.9675,0.92566,0.30508,0.26008,0.00145,0.0003095,0.0003095,0.0003095
78,420.735,0.35427,0.35835,0.00167,0.85322,1,0.995,0.96357,0.30008,0.23064,0.0015,0.000297125,0.000297125,0.000297125
79,426.095,0.34979,0.32302,0.00164,0.87437,1,0.995,0.96183,0.2957,0.22152,0.00145,0.00028475,0.00028475,0.00028475
80,431.382,0.36088,0.33153,0.00159,0.89214,1,0.995,0.96333,0.27407,0.20717,0.00122,0.000272375,0.000272375,0.000272375
81,436.694,0.36204,0.35477,0.00169,0.89579,1,0.995,0.94903,0.30166,0.21851,0.00134,0.00026,0.00026,0.00026
82,442.199,0.33603,0.3388,0.00163,0.8986,1,0.995,0.94807,0.34073,0.236,0.00171,0.000247625,0.000247625,0.000247625
83,447.473,0.34846,0.35789,0.0016,0.90164,1,0.995,0.96079,0.29266,0.22457,0.00135,0.00023525,0.00023525,0.00023525
84,452.905,0.31195,0.3055,0.00135,0.90217,0.9914,0.995,0.94462,0.30441,0.22932,0.00133,0.000222875,0.000222875,0.000222875
85,458.083,0.35069,0.34778,0.0014,0.89066,0.97171,0.995,0.9691,0.28128,0.23872,0.00146,0.0002105,0.0002105,0.0002105
86,463.447,0.35601,0.34236,0.00162,0.88435,1,0.995,0.96801,0.29987,0.21862,0.00138,0.000198125,0.000198125,0.000198125
87,469.071,0.33951,0.32099,0.0013,0.89163,1,0.995,0.97899,0.28622,0.20078,0.00132,0.00018575,0.00018575,0.00018575
88,474.395,0.3298,0.30018,0.00139,0.90481,0.99443,0.995,0.96423,0.29997,0.19247,0.00151,0.000173375,0.000173375,0.000173375
89,479.72,0.33689,0.33896,0.00138,0.90414,0.98879,0.995,0.97495,0.30446,0.19124,0.00154,0.000161,0.000161,0.000161
90,485.124,0.31609,0.33966,0.00145,0.90421,0.98739,0.995,0.94472,0.32107,0.19085,0.00152,0.000148625,0.000148625,0.000148625
91,505.689,0.2868,0.38333,0.00132,0.88619,0.98702,0.995,0.95756,0.28849,0.18629,0.00143,0.00013625,0.00013625,0.00013625
92,511.03,0.26812,0.37175,0.00132,0.87258,0.98749,0.995,0.94843,0.32302,0.20568,0.00155,0.000123875,0.000123875,0.000123875
93,516.319,0.29298,0.38687,0.00146,0.87596,0.97591,0.995,0.9446,0.35089,0.22105,0.00159,0.0001115,0.0001115,0.0001115
94,521.482,0.29027,0.35154,0.0013,0.89407,0.95332,0.995,0.92836,0.35138,0.23041,0.00151,9.9125e-05,9.9125e-05,9.9125e-05
95,526.824,0.27054,0.36643,0.00122,0.90336,0.94893,0.995,0.92854,0.35799,0.24147,0.00154,8.675e-05,8.675e-05,8.675e-05
96,532.309,0.2698,0.37046,0.00122,0.95313,0.93784,0.995,0.92671,0.36388,0.28883,0.00158,7.4375e-05,7.4375e-05,7.4375e-05
97,537.474,0.27718,0.34729,0.00131,0.95231,0.94212,0.995,0.94441,0.33387,0.27766,0.00149,6.2e-05,6.2e-05,6.2e-05
98,542.747,0.26307,0.33475,0.00131,0.8731,0.96652,0.98738,0.9366,0.31312,0.27492,0.00137,4.9625e-05,4.9625e-05,4.9625e-05
99,548.083,0.24456,0.34001,0.00118,0.88599,0.96627,0.98738,0.94279,0.29632,0.26391,0.00132,3.725e-05,3.725e-05,3.725e-05
100,553.383,0.24945,0.31253,0.00116,0.88973,0.96369,0.98738,0.94299,0.29091,0.25918,0.00132,2.4875e-05,2.4875e-05,2.4875e-05
